{
  "percentiles": {
    "p0": -0.9060347974300385,
    "p10": -0.8261734671890736,
    "p25": -0.7746556587517262,
    "p50": -0.7175970450043678,
    "p75": -0.6583868637681007,
    "p90": -0.6137450456619262,
    "p100": -0.49418821930885315,
    "mean": -0.717794409006834,
    "std": 0.07876318307695414,
    "count": 1000
  },
  "sampling_strategy": {
    "total_samples": 1000,
    "strata_targets": {
      "2": 0.3,
      "3": 0.3,
      "4": 0.2,
      "5": 0.2
    }
  },
  "note": "Reference distribution generated via stratified sampling (2-5 compounds)."
}